trace_name,indice_csv
11030611.IV.RM33..EH,3
11030611.IV.T1204..EH,14
11030611.IV.T1212..EH,17
11030611.IV.T1217..EH,25
11030611.IV.T1218..EH,27
11030611.IV.T1244..EH,39
11030611.IV.T1246..HH,43
11030611.IV.T1247..HH,44
11031361.IV.MC2..EH,79
11031361.IV.T1243..HH,97
11032751.IV.CAMP..HH,126
11032751.IV.CESI..HH,128
11032751.IV.GIGS..HH,144
11032751.IV.MC2..EH,151
11032751.IV.NRCA..HH,164
11032751.IV.T1212..EH,189
11032751.IV.T1213..EH,191
11032751.IV.T1215..EH,193
11032751.IV.T1216..EH,195
11032751.IV.T1217..EH,197
11032751.IV.T1219..EH,201
11032751.IV.T1221..EH,205
11032751.IV.T1243..HH,208
11032751.IV.T1245..HH,212
11032751.IV.T1246..HH,214
11032751.IV.TERO..HH,220
11032751.IV.VCEL..EH,223
1103291.IV.T0825..EH,238
11033161.IV.T1256..HH,263
11033871.IV.T1243..HH,275
11034421.IV.SMA1..EH,295
11035181.IV.CAMP..HH,300
11035181.IV.T1216..EH,306
11035181.IV.T1218..EH,308
11035491.IV.EL6..EH,317
11035491.IV.FOSV..EH,320
11035491.IV.MMO1..EH,324
11035491.IV.T1245..HH,334
11035491.IV.T1256..HH,336
11036421.IV.CSP1..EH,351
11036421.IV.MMO1..EH,371
11036421.IV.T1202..EH,393
11036421.IV.T1220..EH,409
11036421.IV.T1241..EH,413
11041511.IV.T1202..EH,499
11041921.XO.AM05..EH,534
11041921.MN.AQU..HH,539
11041921.IV.ARVD..HH,542
11041921.IV.ATCC..EH,543
11041921.IV.ATFO..HH,545
11041921.IV.ATLO..EH,547
11041921.IV.ATMC..EH,549
11041921.IV.ATPC..HH,551
11041921.IV.ATPI..EH,553
11041921.IV.ATSC..EH,554
11041921.IV.ATVA..EH,555
11041921.IV.ATVO..HH,556
11041921.IV.BADI..EH,558
11041921.IV.CAMP..HH,559
11041921.IV.COR1..EH,565
11041921.IV.EL6..EH,568
11041921.IV.FIAM..HH,571
11041921.IV.FOSV..EH,574
11041921.IV.FRON..EH,576
11041921.IV.FSSB..HH,577
11041921.IV.LNSS..HH,582
11041921.IV.MC2..EH,583
11041921.IV.MGAB..HH,585
11041921.IV.MPAG..EH,590
11041921.IV.MURB..HH,593
11041921.IV.NRCA..HH,595
11041921.IV.PE3..EH,599
11041921.IV.PIEI..HH,600
11041921.IV.SMA1..EH,609
11041921.IV.SNTG..HH,610
11041921.IV.SSFR..HH,612
11041921.IV.T1202..EH,616
11041921.IV.T1204..EH,617
11041921.IV.T1212..EH,618
11041921.IV.T1213..EH,620
11041921.IV.T1218..EH,628
11041921.IV.T1219..EH,630
11041921.IV.T1220..EH,632
11041921.IV.T1241..EH,636
11041921.IV.T1243..HH,638
11041921.IV.T1244..EH,640
11041921.IV.T1245..HH,642
11041921.IV.T1246..HH,644
11041921.IV.T1247..HH,645
11041921.IV.T1256..HH,646
11041921.IV.T1299..EH,648
11041921.IV.TERO..HH,650
11043661.IV.LNSS..HH,652
11043661.IV.MMO1..EH,654
11043661.IV.T1218..EH,658
11043661.IV.T1256..HH,664
11044641.OX.CLUD..HH,668
11044641.IV.FVI..HH,670
11044641.OX.ZOU2..HH,677
11047891.IV.T1245..HH,689
11048291.IV.SMA1..EH,778
11048461.IV.T1216..EH,897
11048461.IV.T1218..EH,901
11052061.IV.CESI..HH,935
11052061.IV.NRCA..HH,955
11052061.IV.SMA1..EH,964
11052061.IV.T1215..EH,976
11052061.IV.T1216..EH,978
11052191.IV.GIGS..HH,1004
11052191.IV.LNSS..HH,1005
11052191.IV.T1218..EH,1006
11052191.IV.T1247..HH,1010
11052631.IV.CESI..HH,1025
11052631.IV.NRCA..HH,1032
11052631.IV.T1218..EH,1040
11052631.IV.T1219..EH,1042
11053641.IV.NRCA..HH,1153
11054551.IV.T1219..EH,1194
11059921.IV.T1219..EH,1258
11061071.GU.CARD..HH,1267
11061071.IV.CSNT..HH,1272
11061071.IV.FROS..HH,1274
11061071.GU.MAIM..HH,1277
11061071.IV.OSSC..HH,1282
11061071.IV.PII..HH,1286
11062361.IV.GUMA..HH,1318
11062361.IV.MC2..EH,1321
11063111.IV.CAMP..HH,1385
11063111.IV.FDMO..HH,1388
11063111.IV.T1241..EH,1405
11063111.IV.T1243..HH,1406
11063111.IV.T1245..HH,1408
11067221.IV.T1245..HH,1507
11067221.IV.T1256..HH,1510
11069371.IV.ASSB..HH,1523
11069371.IV.ATCC..EH,1524
11069371.IV.NRCA..HH,1530
11069371.IV.SNTG..HH,1532
11069371.IV.T1216..EH,1535
11070401.IV.EL6..EH,1550
1107051.IV.PLAC..HH,1592
11071881.IV.T0110..HH,1677
11071881.IV.T1215..EH,1678
11071881.IV.T1247..HH,1687
11071881.IV.T1256..HH,1688
11072441.IV.LNSS..HH,1717
11072441.IV.RM33..EH,1720
11072441.IV.SMA1..EH,1722
11072441.IV.T1243..HH,1726
11072811.IV.FRON..EH,1737
11074721.IV.FIAM..HH,1784
11076371.IV.T1256..HH,1838
11076521.IV.EL6..EH,1845
1107931.IV.T0825..EH,1932
11079441.IV.T1256..HH,1957
11091211.IV.RM33..EH,2210
1109861.IV.NOVE..EH,2303
11098721.IV.CAMP..HH,2326
11098721.IV.SMA1..EH,2350
11098721.IV.T1243..HH,2380
1109901.IV.NOVE..EH,2406
1109901.IV.T0825..EH,2416
11099711.IV.T1216..EH,2424
1110111.IV.NOVE..EH,2442
1110111.IV.T0825..EH,2456
1110151.IV.ATCC..EH,2462
11101871.IV.ATCC..EH,2495
11101871.IV.EL6..EH,2499
11101871.IV.SNTG..HH,2504
11101871.IV.SSFR..HH,2506
11101871.IV.T1218..EH,2512
11101871.IV.T1245..HH,2516
11101871.IV.T1256..HH,2517
11103591.IV.CESI..HH,2521
11103591.IV.T1241..EH,2534
11105061.IV.FAGN..HH,2545
11105061.IV.NRCA..HH,2555
1110591.IV.HCRL..HH,2601
1110591.IV.HLNI..HH,2602
1110591.IV.MCSR..HH,2607
1110591.IV.MPAZ..HH,2608
1110591.IV.MPNC..HH,2609
1110591.IV.MSCL..HH,2610
1110591.IV.MTTG..HH,2613
1110591.IV.SOI..EH,2620
11107161.IV.CAMP..HH,2624
11107161.IV.CING..HH,2626
11107161.IV.FDMO..HH,2628
11107161.IV.LNSS..HH,2631
11107161.IV.SMA1..EH,2638
11107161.IV.T1256..HH,2657
11108831.IV.ARRO..EH,2673
11108831.IV.CING..HH,2676
11108831.IV.CSP1..EH,2677
11108831.IV.FIAM..HH,2680
11108831.IV.GUMA..HH,2682
11108831.IV.T1211..EH,2695
11108831.IV.T1256..HH,2710
11109121.IV.CDRU..HH,2729
11109121.IV.MCRV..HH,2758
11109121.IV.MRLC..HH,2771
11109121.IV.SNAL..HH,2809
11111771.IV.FAGN..HH,2861
11111771.IV.T0110..HH,2877
11111771.IV.T1216..EH,2882
11111771.IV.VCEL..EH,2894
11111951.IV.FAGN..HH,2904
11111951.IV.GIGS..HH,2906
11111951.IV.MC2..EH,2910
11111951.IV.T1243..HH,2937
11111951.IV.T1245..HH,2939
11111951.IV.T1247..HH,2941
11111951.IV.VCEL..EH,2946
11112661.IV.CSP1..EH,2947
11112661.IV.T1256..HH,2964
11112901.IV.FAGN..HH,2968
11112901.IV.VCEL..EH,2998
11113591.IV.CSP1..EH,3009
11113591.IV.T1216..EH,3022
11115611.IV.ATCC..EH,3033
11115611.IV.MMO1..EH,3039
11115611.IV.NRCA..HH,3041
11115611.IV.SNTG..HH,3043
11115611.IV.T1215..EH,3045
11115611.IV.T1216..EH,3047
11115611.IV.T1245..HH,3052
11115611.IV.T1256..HH,3054
11115921.IV.SGRT..HH,3089
11117741.IV.EL6..EH,3104
11122131.IV.MCRV..HH,3265
11124111.IV.CESI..HH,3274
11124111.IV.EL6..EH,3276
11124111.IV.RM33..EH,3286
11124111.IV.SMA1..EH,3288
11124111.IV.SNTG..HH,3289
11124111.IV.T1218..EH,3295
1112451.GU.FINB..HH,3300
11124611.IV.T1215..EH,3312
11124741.IV.CSP1..EH,3323
11124741.IV.LNSS..HH,3325
11124741.IV.T1245..HH,3343
11124741.IV.TERO..HH,3347
11125051.IV.T1211..EH,3354
11125051.IV.T1218..EH,3358
11125461.IV.T1218..EH,3415
11125821.IV.GUMA..HH,3444
11125821.IV.T1245..HH,3460
11125821.IV.T1256..HH,3462
1112611.IV.ATMI..HH,3468
11129801.IV.ASSB..HH,3579
11129801.IV.ATCC..EH,3580
11129801.IV.ATFO..HH,3582
11129801.IV.ATLO..EH,3584
11129801.IV.ATPC..HH,3586
11129801.IV.ATPI..EH,3588
11129801.IV.ATSC..EH,3589
11129801.IV.ATVO..HH,3591
11129801.IV.BADI..EH,3593
11129801.IV.CESI..HH,3597
11129801.IV.FOSV..EH,3611
11129801.IV.FSSB..HH,3614
11129801.IV.MOMA..HH,3630
11129801.IV.MPAG..EH,3632
11129801.IV.MURB..HH,3636
11129801.IV.PIEI..HH,3644
11129801.IV.T1219..EH,3679
11129801.IV.T1221..EH,3681
11130151.IV.ATVO..HH,3708
11130151.IV.SNTG..HH,3729
11130921.IV.ATCC..EH,3752
11130921.IV.CESI..HH,3758
11130921.IV.EL6..EH,3762
1113431.IV.PIEI..HH,3823
1113661.IV.BDI..HH,3824
11138771.IV.FDMO..HH,3872
11138771.IV.MGAB..HH,3886
11138771.IV.SSFR..HH,3907
11138771.IV.T0110..HH,3910
11142251.IV.CESI..HH,3966
11142251.IV.NRCA..HH,3981
11142251.IV.T1202..EH,3991
11142251.IV.T1212..EH,3995
11142251.IV.T1213..EH,3997
11142251.IV.T1216..EH,4001
1114321.IV.T0800..HH,4042
11143781.IV.CSP1..EH,4047
11147811.IV.BADI..EH,4232
11147811.IV.MC2..EH,4260
11147811.IV.SMA1..EH,4285
11147811.IV.T0110..HH,4292
11147811.IV.T1202..EH,4294
11147811.IV.T1218..EH,4307
11147811.IV.T1256..HH,4321
11148041.IV.FDMO..HH,4344
11148041.IV.MMO1..EH,4358
11148041.IV.T1218..EH,4394
11148431.IV.CAMP..HH,4416
11148431.IV.EL6..EH,4419
11148431.IV.MMO1..EH,4426
11148431.IV.MPAG..EH,4428
11148431.IV.T1218..EH,4444
11148431.IV.TERO..HH,4453
1115001.IV.T0800..HH,4475
11151081.IV.NRCA..HH,4523
11151081.IV.T1245..HH,4539
11152091.IV.GUMA..HH,4549
11153901.IV.T1299..EH,4645
11154271.IV.CSP1..EH,4655
11158391.IV.T0110..HH,4720
11158391.IV.T1299..EH,4754
11158781.IV.RM33..EH,4766
11158781.IV.T1211..EH,4768
11158781.IV.T1241..EH,4776
11162361.IV.T1243..HH,4816
11163921.IV.CSP1..EH,4842
11163921.IV.GUMA..HH,4851
11163921.IV.MC2..EH,4854
11163921.IV.MMO1..EH,4857
11163921.IV.SMA1..EH,4876
11163921.IV.T1219..EH,4898
11163921.IV.T1256..HH,4909
11167971.IV.CAMP..HH,4927
11167971.IV.CESI..HH,4928
11167971.IV.RM33..EH,4933
11167971.IV.SMA1..EH,4935
11167971.IV.T1216..EH,4940
11167971.IV.T1218..EH,4942
11167971.IV.T1243..HH,4944
11167971.IV.T1256..HH,4949
11167971.IV.TERO..HH,4951
11167971.IV.VCEL..EH,4952
11172651.IV.T1216..EH,5016
11172651.IV.T1256..HH,5036
11174471.IV.CESX..HH,5116
11174471.IV.LNSS..HH,5132
11174471.IV.OFFI..HH,5142
11174471.IV.T1202..EH,5157
11174471.IV.T1212..EH,5161
11174471.IV.T1213..EH,5163
11174471.IV.T1215..EH,5165
11174471.IV.T1216..EH,5167
11174471.IV.T1217..EH,5169
11174471.IV.T1218..EH,5171
11174471.IV.T1221..EH,5175
11174471.IV.T1244..EH,5180
11174471.IV.T1245..HH,5182
11176091.IV.AOI..HH,5265
11176091.OX.CIMO..HH,5304
11176091.OX.CLUD..HH,5307
11176091.ST.DOSS..HH,5315
11176091.IV.ROVR..HH,5404
11176091.IV.T0110..HH,5437
11176091.IV.T1202..EH,5439
11176091.IV.T1241..EH,5459
11176091.IV.VCEL..EH,5479
11176711.IV.T1216..EH,5495
11176851.IV.T1241..EH,5524
11176851.IV.T1256..HH,5527
11176991.IV.ARVD..HH,5529
11176991.IV.ATCC..EH,5530
11176991.IV.CESI..HH,5535
11176991.IV.GUMA..HH,5540
11176991.IV.RM33..EH,5552
11176991.IV.SMA1..EH,5554
11176991.IV.SNTG..HH,5555
11176991.IV.T1241..EH,5567
11177211.IV.T1219..EH,5579
11178041.IV.GUMA..HH,5589
11178041.IV.T1245..HH,5609
11178041.IV.T1256..HH,5612
11178501.IV.T1211..EH,5618
11178621.IV.SMA1..EH,5640
11179351.IV.NRCA..HH,5652
11181061.IV.CSP1..EH,5668
11181061.IV.MMO1..EH,5670
11181061.IV.T1215..EH,5671
11181351.IV.ARRO..EH,5691
11181351.IV.NRCA..HH,5700
11181351.IV.SNTG..HH,5704
11181831.IV.CING..HH,5722
11181831.IV.T1247..HH,5746
11182731.IV.CAMP..HH,5765
11182731.IV.T1216..EH,5788
11182731.IV.T1247..HH,5798
11182731.IV.TERO..HH,5801
11182731.IV.VCEL..EH,5803
11184041.IV.CESI..HH,5871
11184041.IV.CSP1..EH,5872
11184041.IV.FAGN..HH,5873
11184041.IV.MC2..EH,5881
11184041.IV.MMO1..EH,5882
11184041.IV.NRCA..HH,5884
11184041.IV.T0110..HH,5889
11184041.IV.T1219..EH,5892
11184041.IV.T1247..HH,5894
11184041.IV.T1256..HH,5895
11184871.IV.T1256..HH,5907
11185151.IV.INTR..HH,5921
11185151.IV.T0110..HH,5933
11185911.IV.FDMO..HH,5955
11185911.IV.NRCA..HH,5962
11185911.IV.T1216..EH,5969
11185911.IV.T1245..HH,5978
11185911.IV.T1256..HH,5980
11186531.IV.T1215..EH,5993
11186531.IV.T1216..EH,5995
11186531.IV.T1219..EH,5997
11188061.IV.T1218..EH,6036
11188801.IV.NRCA..HH,6064
11188801.IV.T1218..EH,6073
11189011.IV.SMA1..EH,6105
11189931.IV.CSP1..EH,6137
11189931.IV.RM33..EH,6147
11189931.IV.T1247..HH,6159
11191481.IV.T1219..EH,6277
11191741.IV.CESI..HH,6284
11191741.IV.MMO1..EH,6288
11191741.IV.T1219..EH,6294
11191741.IV.T1245..HH,6296
11192711.IV.EL6..EH,6343
11199231.IV.T1215..EH,6461
11199231.IV.T1243..HH,6473
11200971.IV.NRCA..HH,6494
11200971.IV.T1216..EH,6498
11200971.IV.T1245..HH,6508
11202141.IV.MMO1..EH,6519
11204331.IV.SMA1..EH,6539
11210661.IV.T1245..HH,6705
11210991.IV.CAMP..HH,6716
11210991.IV.FOSV..EH,6723
11210991.IV.LNSS..HH,6727
11210991.IV.SNTG..HH,6734
11210991.IV.T1245..HH,6752
11212081.IV.CAMP..HH,6845
11212081.IV.NRCA..HH,6881
11212081.IV.T1245..HH,6910
11212981.IV.ARRO..EH,6917
11212981.IV.ATCC..EH,6919
11212981.IV.CESX..HH,6923
11212981.IV.EL6..EH,6926
11212981.IV.FDMO..HH,6928
11212981.IV.FIAM..HH,6929
11212981.IV.LNSS..HH,6934
11212981.IV.MC2..EH,6935
11212981.IV.OFFI..HH,6940
11212981.IV.T1215..EH,6949
11212981.IV.T1216..EH,6951
11212981.IV.T1218..EH,6953
11212981.IV.T1243..HH,6957
11212981.IV.T1247..HH,6960
11213221.IV.CSP1..EH,6988
11215531.MN.AQU..HH,7104
11215941.IV.FDMO..HH,7129
11215941.IV.SMA1..EH,7140
11215941.IV.T1256..HH,7152
11218181.IV.T1243..HH,7173
11219231.IV.SMA1..EH,7211
11219821.IV.FDMO..HH,7217
11219821.IV.MMO1..EH,7221
1122781.IV.CAR1..HH,7262
1122781.IV.CELI..HH,7267
1122781.IV.CET2..HH,7269
1122781.MN.CUC..HH,7272
1122781.IV.GIB..HH,7274
1122781.IV.IFIL..HH,7277
1122781.IV.IVPL..HH,7278
1122781.IV.JOPP..HH,7279
1122781.IV.MGR..HH,7283
1122781.IV.SERS..HH,7294
1122781.IV.SOLUN..HH,7298
1122781.MN.TIP..HH,7299
11228201.IV.NRCA..HH,7376
11229821.IV.T1216..EH,7428
11229821.IV.T1243..HH,7432
11230521.IV.CSP1..EH,7440
11230521.IV.MMO1..EH,7443
11230521.IV.T1215..EH,7447
11230521.IV.T1245..HH,7453
11236231.IV.ATCC..EH,7566
11236231.IV.ATVO..HH,7569
11236231.IV.CESI..HH,7575
11236231.IV.FOSV..EH,7584
11236231.IV.MURB..HH,7598
11236231.IV.T1219..EH,7618
11236231.IV.T1256..HH,7626
1123701.IV.NOV..HH,7681
11237341.IV.AOI..HH,7682
11237341.IV.PP3..EH,7752
11241021.IV.T1216..EH,7865
1124171.IV.IFIL..HH,7882
11246491.IV.NRCA..HH,7958
11247711.IV.GUMA..HH,7991
11247711.IV.MC2..EH,7993
11248401.IV.MC2..EH,8022
11248401.IV.MMO1..EH,8023
11248401.IV.T1241..EH,8037
11248401.IV.T1256..HH,8043
11248811.IV.LNSS..HH,8052
11248811.IV.T1218..EH,8066
11248811.IV.T1241..EH,8070
1125091.IV.NOV..HH,8088
11251761.IV.T1247..HH,8111
11253101.IV.CAMP..HH,8289
11253101.IV.GUMA..HH,8295
11253101.IV.T1241..EH,8315
11253901.IV.NRCA..HH,8331
1125471.IV.IVPL..HH,8348
11256591.IV.CING..HH,8427
11256591.IV.CSP1..EH,8429
11256591.IV.FDMO..HH,8431
11256591.IV.GUMA..HH,8438
11256591.IV.LNSS..HH,8442
11256591.IV.MC2..EH,8443
11256591.IV.T1218..EH,8468
11256591.IV.T1256..HH,8478
11256831.IV.IACL..HH,8488
11257121.IV.CLTA..HH,8500
11257121.IV.PETRA..HH,8513
11257671.IV.ATCC..EH,8524
11257671.IV.ATFO..HH,8525
11257671.IV.ATLO..EH,8527
11257671.IV.ATPI..EH,8530
11257671.IV.ATVO..HH,8532
11257671.IV.CAMP..HH,8537
11257671.IV.FOSV..EH,8555
11257671.IV.FRON..EH,8556
11257671.IV.MC2..EH,8564
11257671.IV.MURB..HH,8575
11257671.IV.PIEI..HH,8582
11257671.IV.T1219..EH,8620
11257671.IV.T1241..EH,8624
11257671.IV.T1244..EH,8627
11257671.IV.T1245..HH,8629
11257671.IV.T1246..HH,8631
1126121.IV.RAVA..EH,8643
11262801.IV.ARRO..EH,8698
1126351.IV.MCRV..HH,8746
11264061.IV.CAFI..HH,8787
11264061.IV.CRMI..HH,8790
11264061.IV.OSSC..HH,8800
11265021.IV.ATPI..EH,8869
11265021.IV.CING..HH,8875
11265021.IV.LNSS..HH,8888
11265021.IV.MURB..HH,8891
11265021.IV.OFFI..HH,8895
11265021.IV.T1215..EH,8906
11265021.IV.T1241..EH,8914
11265021.IV.T1243..HH,8916
11266821.IV.CAMP..HH,8942
11266821.IV.CING..HH,8945
11266821.IV.EL6..EH,8947
11266821.IV.LNSS..HH,8956
11266821.IV.NRCA..HH,8964
11266821.IV.T1211..EH,8977
11266821.IV.T1215..EH,8979
11266821.IV.T1216..EH,8981
11266821.IV.T1218..EH,8983
11266821.IV.T1219..EH,8985
11266821.IV.T1243..HH,8989
11266821.IV.T1245..HH,8991
11266821.IV.T1246..HH,8993
11266821.IV.VCEL..EH,9000
11266841.IV.CDRU..HH,9006
11266841.BA.PZUN..HH,9025
11271141.IV.MMO1..EH,9101
11271141.IV.T1256..HH,9121
11271611.IV.ARRO..EH,9123
11271611.IV.CAMP..HH,9124
11271611.IV.RM33..EH,9133
11271611.IV.T1211..EH,9136
11271611.IV.T1218..EH,9142
11271611.IV.T1219..EH,9144
11271611.IV.T1245..HH,9146
11271731.IV.NRCA..HH,9157
11271731.IV.T1215..EH,9165
11271731.IV.T1216..EH,9167
11271731.IV.T1218..EH,9169
11271731.IV.T1245..HH,9174
11271731.IV.T1247..HH,9176
11272151.IV.ARVD..HH,9187
11272151.IV.ATCC..EH,9189
11272151.IV.ATFO..HH,9190
11272151.IV.ATLO..EH,9192
11272151.IV.ATPI..EH,9198
11272151.IV.ATVO..HH,9199
11272151.IV.BADI..EH,9201
11272151.IV.CAFI..HH,9205
11272151.IV.FRON..EH,9226
11272151.IV.FSSB..HH,9227
11272151.IV.GIGS..HH,9229
11272151.IV.MC2..EH,9238
11272151.IV.MPAG..EH,9248
11272151.IV.MURB..HH,9254
11272151.IV.PIEI..HH,9262
11272151.IV.SNTG..HH,9286
11272151.IV.T1245..HH,9320
11272151.IV.T1256..HH,9323
11272321.IV.ARVD..HH,9334
11272321.IV.ASSB..HH,9335
11272321.IV.ATCC..EH,9336
11272321.IV.ATLO..EH,9340
11272321.IV.ATSC..EH,9342
11272321.IV.ATVO..HH,9343
11272321.IV.FRON..EH,9355
11272321.IV.MC2..EH,9362
11272321.IV.MMO1..EH,9364
11272321.IV.MURB..HH,9371
11272321.IV.SNTG..HH,9379
11272441.IV.CRE..HH,9434
11272441.IV.CRMI..HH,9435
11272441.IV.CSNT..HH,9437
11272441.IV.OSSC..HH,9467
11272441.IV.ROVR..HH,9479
11272441.IV.SALO..HH,9486
11272551.IV.CESI..HH,9513
11272551.IV.MMO1..EH,9517
11272551.IV.NRCA..HH,9519
11272551.IV.T1211..EH,9523
11272551.IV.T1245..HH,9534
11274371.IV.CAMP..HH,9587
11274371.IV.RM33..EH,9594
11274371.IV.T1218..EH,9600
11274371.IV.T1243..HH,9602
11276881.IV.RM33..EH,9646
11276881.IV.T1204..EH,9656
11276881.IV.T1212..EH,9659
11276881.IV.T1213..EH,9661
11276881.IV.T1218..EH,9669
11276881.IV.T1220..EH,9673
11276881.IV.T1241..EH,9677
11276881.IV.T1244..EH,9680
11276881.IV.T1299..EH,9687
11277191.IV.MC2..EH,9697
11277191.IV.MMO1..EH,9698
11277191.IV.NRCA..HH,9700
11277191.IV.SMA1..EH,9705
11277191.IV.T1211..EH,9706
11277191.IV.TERO..HH,9716
11278861.IV.EMSG..HH,9729
11278861.IV.ESLN..HH,9732
11278861.IV.IACL..HH,9738
11278861.IV.NOV..HH,9747
11278861.IV.PLLN..EH,9750
11278861.IV.RAFF..HH,9751
11278861.IV.SSY..HH,9753
11278971.IV.GIB..HH,9758
11278971.IV.HMDC..HH,9761
11278971.IV.IACL..HH,9762
11278971.IV.PETRA..HH,9770
11280401.IV.RM33..EH,9817
11280401.IV.T1247..HH,9822
11280731.IV.CSP1..EH,9854
11280731.IV.SMA1..EH,9897
11280731.IV.SNTG..HH,9898
11282341.IV.ACER..HH,9942
11282341.IV.AMUR..HH,9944
11282341.IV.AOI..HH,9945
11282341.IV.ARRO..EH,9947
11282341.IV.ASSB..HH,9949
11282341.IV.ATFO..HH,9952
11282341.MN.BLY..HH,9954
11282341.IV.BSSO..HH,9956
11282341.IV.CAMP..HH,9958
11282341.IV.CAPA..HH,9959
11282341.IV.CERA..HH,9960
11282341.IV.CESI..HH,9963
11282341.IV.CIGN..HH,9965
11282341.IV.CING..HH,9966
11282341.IV.CSP1..EH,9969
11282341.MN.CUC..HH,9970
11282341.IV.EL6..EH,9972
11282341.IV.FAGN..HH,9973
11282341.IV.FOSV..EH,9974
11282341.IV.FRES..HH,9976
11282341.IV.FRON..EH,9977
11282341.IV.FSSB..HH,9978
11282341.IV.GIGS..HH,9981
11282341.IV.GIUL..HH,9982
11282341.IV.INTR..HH,9984
11282341.IV.LTRZ..EH,9986
11282341.IV.MCEL..HH,9987
11282341.IV.MELA..HH,9989
11282341.IV.MGR..HH,9991
11282341.IV.MIDA..HH,9993
11282341.IV.MIGL..HH,9995
11282341.IV.MOCO..HH,9996
11282341.IV.MPAG..EH,9999
